# One canonical URL per reviewed alert reference; duplicate references are intentionally URL-specific.
10015	OUTOFSCOPE	^https://conference-manager-demo\.onrender\.com/$

10049-2	OUTOFSCOPE	^https://conference-manager-demo\.onrender\.com/$
10049-2	OUTOFSCOPE	^https://conference-manager-demo\.onrender\.com/assets/app-layout\.css\?v=20260901-78$
10049-2	OUTOFSCOPE	^https://conference-manager-demo\.onrender\.com/assets/app-layout\.css\?v=20260919-92$
10049-2	OUTOFSCOPE	^https://conference-manager-demo\.onrender\.com/assets/brand/pavurel-app-icon\.svg$
10049-2	OUTOFSCOPE	^https://conference-manager-demo\.onrender\.com/assets/employee-ux\.css\?v=20260823-71$
10049-2	OUTOFSCOPE	^https://conference-manager-demo\.onrender\.com/assets/employee-ux\.css\?v=20260919-92$
10049-2	OUTOFSCOPE	^https://conference-manager-demo\.onrender\.com/assets/feature-parity\.css\?v=20260825-01$
10049-2	OUTOFSCOPE	^https://conference-manager-demo\.onrender\.com/assets/manager-layout\.css\?v=20260825-01$
10049-2	OUTOFSCOPE	^https://conference-manager-demo\.onrender\.com/assets/styles\.css\?v=20260827-74$
10049-2	OUTOFSCOPE	^https://conference-manager-demo\.onrender\.com/assets/tokens\.css\?v=20260825-01$
10049-2	OUTOFSCOPE	^https://conference-manager-demo\.onrender\.com/robots\.txt$
10049-2	OUTOFSCOPE	^https://conference-manager-demo\.onrender\.com/sitemap\.xml$

10055-12	OUTOFSCOPE	^https://conference-manager-demo\.onrender\.com/$

# Run 36676822685, artifact 11079942467: public function identifier, not encoded data.
10094-3	OUTOFSCOPE	^https://conference-manager-demo\.onrender\.com/src/platform/demo-bootstrap\.js\?v=20260919-92$

# ZAP's crawler is not a browser and therefore does not send Fetch Metadata request headers.
90005-1	OUTOFSCOPE	^https://conference-manager-demo\.onrender\.com/$
90005-1	OUTOFSCOPE	^https://conference-manager-demo\.onrender\.com/assets/app-layout\.css\?v=20260901-78$
90005-1	OUTOFSCOPE	^https://conference-manager-demo\.onrender\.com/assets/app-layout\.css\?v=20260919-92$
90005-1	OUTOFSCOPE	^https://conference-manager-demo\.onrender\.com/assets/brand/pavurel-app-icon\.svg$
90005-1	OUTOFSCOPE	^https://conference-manager-demo\.onrender\.com/assets/employee-ux\.css\?v=20260823-71$
90005-1	OUTOFSCOPE	^https://conference-manager-demo\.onrender\.com/assets/employee-ux\.css\?v=20260919-92$
90005-1	OUTOFSCOPE	^https://conference-manager-demo\.onrender\.com/assets/feature-parity\.css\?v=20260825-01$
90005-1	OUTOFSCOPE	^https://conference-manager-demo\.onrender\.com/assets/manager-layout\.css\?v=20260825-01$
90005-1	OUTOFSCOPE	^https://conference-manager-demo\.onrender\.com/assets/styles\.css\?v=20260827-74$
90005-1	OUTOFSCOPE	^https://conference-manager-demo\.onrender\.com/assets/tokens\.css\?v=20260825-01$
90005-1	OUTOFSCOPE	^https://conference-manager-demo\.onrender\.com/robots\.txt$
90005-1	OUTOFSCOPE	^https://conference-manager-demo\.onrender\.com/sitemap\.xml$
90005-2	OUTOFSCOPE	^https://conference-manager-demo\.onrender\.com/$
90005-2	OUTOFSCOPE	^https://conference-manager-demo\.onrender\.com/assets/app-layout\.css\?v=20260901-78$
90005-2	OUTOFSCOPE	^https://conference-manager-demo\.onrender\.com/assets/app-layout\.css\?v=20260919-92$
90005-2	OUTOFSCOPE	^https://conference-manager-demo\.onrender\.com/assets/brand/pavurel-app-icon\.svg$
# Informational request-header observation; run 36592014911, artifact 11044656472.
90005-2	OUTOFSCOPE	^https://conference-manager-demo\.onrender\.com/assets/demo-security\.css\?v=20260830-77$
90005-2	OUTOFSCOPE	^https://conference-manager-demo\.onrender\.com/assets/employee-ux\.css\?v=20260823-71$
90005-2	OUTOFSCOPE	^https://conference-manager-demo\.onrender\.com/assets/employee-ux\.css\?v=20260919-92$
90005-2	OUTOFSCOPE	^https://conference-manager-demo\.onrender\.com/assets/feature-parity\.css\?v=20260825-01$
90005-2	OUTOFSCOPE	^https://conference-manager-demo\.onrender\.com/assets/manager-layout\.css\?v=20260825-01$
90005-2	OUTOFSCOPE	^https://conference-manager-demo\.onrender\.com/assets/styles\.css\?v=20260827-74$
90005-2	OUTOFSCOPE	^https://conference-manager-demo\.onrender\.com/assets/tokens\.css\?v=20260825-01$
90005-2	OUTOFSCOPE	^https://conference-manager-demo\.onrender\.com/robots\.txt$
90005-2	OUTOFSCOPE	^https://conference-manager-demo\.onrender\.com/sitemap\.xml$
90005-3	OUTOFSCOPE	^https://conference-manager-demo\.onrender\.com/$
90005-3	OUTOFSCOPE	^https://conference-manager-demo\.onrender\.com/assets/app-layout\.css\?v=20260901-78$
90005-3	OUTOFSCOPE	^https://conference-manager-demo\.onrender\.com/assets/app-layout\.css\?v=20260919-92$
90005-3	OUTOFSCOPE	^https://conference-manager-demo\.onrender\.com/assets/brand/pavurel-app-icon\.svg$
90005-3	OUTOFSCOPE	^https://conference-manager-demo\.onrender\.com/assets/employee-ux\.css\?v=20260823-71$
90005-3	OUTOFSCOPE	^https://conference-manager-demo\.onrender\.com/assets/employee-ux\.css\?v=20260919-92$
90005-3	OUTOFSCOPE	^https://conference-manager-demo\.onrender\.com/assets/feature-parity\.css\?v=20260825-01$
90005-3	OUTOFSCOPE	^https://conference-manager-demo\.onrender\.com/assets/manager-layout\.css\?v=20260825-01$
90005-3	OUTOFSCOPE	^https://conference-manager-demo\.onrender\.com/assets/styles\.css\?v=20260827-74$
90005-3	OUTOFSCOPE	^https://conference-manager-demo\.onrender\.com/assets/tokens\.css\?v=20260825-01$
90005-3	OUTOFSCOPE	^https://conference-manager-demo\.onrender\.com/robots\.txt$
90005-3	OUTOFSCOPE	^https://conference-manager-demo\.onrender\.com/sitemap\.xml$
90005-4	OUTOFSCOPE	^https://conference-manager-demo\.onrender\.com/$
90005-4	OUTOFSCOPE	^https://conference-manager-demo\.onrender\.com/assets/app-layout\.css\?v=20260901-78$
90005-4	OUTOFSCOPE	^https://conference-manager-demo\.onrender\.com/assets/app-layout\.css\?v=20260919-92$
90005-4	OUTOFSCOPE	^https://conference-manager-demo\.onrender\.com/assets/brand/pavurel-app-icon\.svg$
90005-4	OUTOFSCOPE	^https://conference-manager-demo\.onrender\.com/assets/employee-ux\.css\?v=20260823-71$
90005-4	OUTOFSCOPE	^https://conference-manager-demo\.onrender\.com/assets/employee-ux\.css\?v=20260919-92$
90005-4	OUTOFSCOPE	^https://conference-manager-demo\.onrender\.com/assets/feature-parity\.css\?v=20260825-01$
90005-4	OUTOFSCOPE	^https://conference-manager-demo\.onrender\.com/assets/manager-layout\.css\?v=20260825-01$
90005-4	OUTOFSCOPE	^https://conference-manager-demo\.onrender\.com/assets/styles\.css\?v=20260827-74$
90005-4	OUTOFSCOPE	^https://conference-manager-demo\.onrender\.com/assets/tokens\.css\?v=20260825-01$
90005-4	OUTOFSCOPE	^https://conference-manager-demo\.onrender\.com/robots\.txt$
90005-4	OUTOFSCOPE	^https://conference-manager-demo\.onrender\.com/sitemap\.xml$

# Additional raw informational stylesheet observations in run 36676822685.
10049-2	OUTOFSCOPE	^https://conference-manager-demo\.onrender\.com/assets/demo-security\.css\?v=20260830-77$
90005-3	OUTOFSCOPE	^https://conference-manager-demo\.onrender\.com/assets/demo-security\.css\?v=20260830-77$
90005-4	OUTOFSCOPE	^https://conference-manager-demo\.onrender\.com/assets/demo-security\.css\?v=20260830-77$

# Run 36680235260, artifact 11080894385: versioned Manager CSS, informational raw findings.
10049-2	OUTOFSCOPE	^https://conference-manager-demo\.onrender\.com/assets/manager-layout\.css\?v=20260919-92$
90005-1	OUTOFSCOPE	^https://conference-manager-demo\.onrender\.com/assets/manager-layout\.css\?v=20260919-92$
90005-2	OUTOFSCOPE	^https://conference-manager-demo\.onrender\.com/assets/manager-layout\.css\?v=20260919-92$
90005-3	OUTOFSCOPE	^https://conference-manager-demo\.onrender\.com/assets/manager-layout\.css\?v=20260919-92$
90005-4	OUTOFSCOPE	^https://conference-manager-demo\.onrender\.com/assets/manager-layout\.css\?v=20260919-92$

# Run 36900433513, artifact 11180709197: missing crawler request header, risk 0 only.
90005-1	OUTOFSCOPE	^https://conference-manager-demo\.onrender\.com/assets/demo-security\.css\?v=20260830-77$
